{
  "blobs": [
    {
      "id": "blob_a",
      "x": 0.3333333333,
      "y": 0.5,
      "sigma": 1.5
    },
    {
      "id": "blob_b",
      "x": 0.6666666667,
      "y": 0.6666666667,
      "sigma": 3.0
    },
    {
      "id": "blob_c",
      "x": 0.5,
      "y": 0.6666666667,
      "sigma": 5.0
    },
    {
      "id": "blob_d",
      "x": 0.25,
      "y": 0.4,
      "sigma": 2.0
    }
  ]
}
